CREATE TABLE `teachers` (
  `id` int PRIMARY KEY AUTO_INCREMENT,
  `name` varchar(255),
  `email` varchar(255),
  `password` varchar(255),
  `contact_no` varchar(255),
  `isAdmin` int DEFAULT 0,
  `created_at` datetime DEFAULT null,
  `updated_at` datetime DEFAULT null,
  `deleted_at` datetime DEFAULT null
);

INSERT INTO `teachers` (`id`, `name`, `email`, `password`, `contact_no`, `isAdmin`, `created_at`) VALUES
(1, 'rahul', 'rahul@example.com', 'abcd1234', '8655209958', 0, '2021-11-19 13:31:35'),
(2, 'jon snow', 'jon@gmail.com', '12345678', '1919292919', 0, '2021-11-19 13:32:15'),
(3, 'Ram', 'ram@example.com', '12345678', '9518317113', 0, '2021-11-20 13:53:53'),
(4, 'Rohan', 'Rohan@example.com', '12345678', '9292101932', 0, '2021-11-20 13:54:51'),
(5, 'Raj', 'raj@example.com', '12345678', '9230101010', 0, '2021-11-20 13:54:51'),
(6, 'Sheldon', 'Shelly@example.com', '12345678', '9393992921', 0, '2021-11-20 13:55:39'),
(7, 'Robert', 'Robert@gmail.com', '12345678', '8928392010', 0, '2021-11-20 13:56:21'),
(8, 'Chris', 'chris@example.com', '12345678', '8628289901', 0, '2021-11-20 13:56:53'),
(9, 'Tom', 'tom@example.com', '12345678', '9833828282', 0, '2021-11-20 13:57:27'),
(10, 'John', 'john@example.com', '12345678', '8727773321', 0, '2021-11-20 13:57:57');

CREATE TABLE `courses` (
  `id` int PRIMARY KEY AUTO_INCREMENT,
  `name` varchar(255),
  `course_code` int,
  `created_at` datetime DEFAULT null,
  `updated_at` datetime DEFAULT null,
  `deleted_at` datetime DEFAULT null
);

INSERT INTO `courses` (`id`, `name`, `course_code`, `created_at`) VALUES
(1, 'Computer Engineering', 201101, '2021-11-19 13:31:35'),
(2, 'Information Technology', 201102, '2021-11-19 13:31:35'),
(3, 'Mechanical Engineering', 201103, '2021-11-19 13:31:35'),
(4, 'Civil Engineering', 201104, '2021-11-19 13:31:35'),
(5, 'Electrical Engineering', 201105, '2021-11-19 13:31:35');


CREATE TABLE `subjects` (
  `id` int PRIMARY KEY AUTO_INCREMENT,
  `name` varchar(255),
  `semester` int,
  `user_id` int NOT NULL,
  `created_at` datetime DEFAULT null,
  `updated_at` datetime DEFAULT null,
  `deleted_at` datetime DEFAULT null
);

INSERT INTO `subjects` (`id`, `name`, `semester`, `user_id`) VALUES
(1, 'Physics - I', 1, 1),
(2, 'Chemistry - I', 1, 1),
(3, 'Eng. Mechanics', 1, 2),
(4, 'BEL', 1, 2),
(5, 'Physics - II', 2, 3),
(6, 'Chemistry - II', 2, 3),
(7, 'C Programming', 2, 3),
(8, 'Eng. Graphics', 2, 4),
(9, 'DLDA', 3, 5),
(10, 'ECCF', 3, 5),
(11, 'DS', 3, 5),
(13, 'CMS', 2, 5),
(15, 'DBMS', 5, 5),
(16, 'OS', 4, 1),
(17, 'AOA', 4, 1),
(18, 'COA', 4, 6),
(19, 'CG', 4, 7),
(20, 'CN', 5, 7),
(21, 'MUP', 5, 8),
(22, 'TCS', 5, 8),
(23, 'DWM', 6, 8),
(24, 'SE', 6, 2),
(25, 'SPR', 6, 9),
(26, 'CSS', 6, 10),
(27, 'Robotics', 7, 10),
(28, 'AI', 7, 9),
(30, 'DC', 8, 1),
(31, 'NLP', 8, 1);


CREATE TABLE `course_subject` (
  `id` int PRIMARY KEY AUTO_INCREMENT,
  `course_id` int,
  `subject_id` int
);

INSERT INTO `course_subject` (`id`, `course_id`, `subject_id`) VALUES 
(1, 1, 1),
(2, 1, 2),
(3, 1, 3),
(4, 1, 4),
(5, 1, 8),
(6, 1, 9),
(7, 1, 10),
(8, 1, 12),
(9, 1, 16),
(10, 1, 30),
(11, 2, 2),
(12, 2, 4),
(13, 2, 8),
(14, 2, 10),
(15, 2, 14),
(16, 2, 20),
(17, 2, 22),
(18, 2, 23),
(19, 2, 26),
(20, 2, 29),
(21, 3, 11),
(22, 3, 12),
(23, 3, 13),
(24, 3, 14),
(25, 3, 15),
(26, 3, 16),
(27, 3, 17),
(28, 3, 18),
(29, 3, 19),
(30, 3, 20),
(31, 4, 5),
(32, 4, 7),
(33, 4, 9),
(34, 4, 11),
(35, 4, 13),
(36, 4, 15),
(37, 4, 21),
(38, 4, 27),
(39, 5, 11),
(40, 5, 31),
(41, 5, 30),
(42, 5, 29),
(43, 5, 28),
(44, 5, 27),
(45, 5, 26),
(46, 5, 25),
(47, 5, 24),
(48, 5, 23),
(49, 5, 6),
(50, 5, 21);

CREATE TABLE `chapters` (
  `id` int PRIMARY KEY AUTO_INCREMENT,
  `subject_id` int,
  `name` varchar(255),
  `created_at` datetime DEFAULT null,
  `updated_at` datetime DEFAULT null,
  `deleted_at` datetime DEFAULT null
);

INSERT INTO `chapters` (`id`, `subject_id`, `name`) VALUES
(1, 9, '1. Number Systems and Codes'),
(2, 9, '2. Boolean Algebra and Logic Gates'),
(3, 9, '3. Combinational Logic Design'),
(4, 9, '4. Sequential Logic Design'),
(5, 9, '5. Introduction to VHDL'),
(6, 9, '6. Digital Logic Families'),
(7, 10, '1. Electronic Circuits:Bipolar junction transistor'),
(8, 10, '2. Power Amplifiers'),
(9, 10, '3. Electronic Circuits : Operational Amplifier and its applications'),
(10, 10, '4. Communication Fundamentals: Analog Communication'),
(11, 10, '5. Pulse Modulation and Multiplexing'),
(12, 10, '6. Communication Fundamentals: Information theory'),
(14, 11, '2. Stack and Queues'),
(13, 11, '1. Introduction to Data Structures'),
(15, 11, '3. LinkedList'),
(16, 11, '4. Trees'),
(17, 11, '5. Graphs'),
(18, 11, '6. Sorting & Searching'),
(19, 17, '1. Introduction to analysis of algorithm'),
(20, 17, '2. Dynamic Programming Approach'),
(21, 17, '3. Greedy Method Approach'),
(22, 17, '4. Backtracking and Branch-and-bound'),
(23, 17, '5. String Matching Algorithms'),
(24, 17, '6. Non-deterministic polynomial algorithms'),
(25, 18, '1. Data Representation and Arithmetic Algorithms'),
(26, 18, '2. Processor Organization and Architecture'),
(27, 18, '3. Control Unit Design'),
(28, 18, '4. Memory Organization'),
(29, 18, '5. I/O Organization and Peripherals'),
(30, 18, '6. Advanced Processor Principles'),
(31, 19, '1. Introduction and Overview of Graphics Sy'),
(32, 19, '2. Output Primitives'),
(33, 19, '3. Two Dimensional Geometric Transformations'),
(34, 19, '4. Two Dimensional Viewing and Clipping'),
(35, 19, '5. Three Dimensional Object Representation'),
(36, 19, '6. Visible Surface Detection'),
(37, 19, '7. Illumination Models and Surface Rendering'),
(38, 16, '1. Operating System Overview'),
(39, 16, '2. Process Concept and Scheduling'),
(40, 16, '3. Synchronization and Deadlocks'),
(41, 16, '4. Memory Management'),
(42, 16, '5. File Management'),
(43, 16, '6. Input /Output Management'),
(44, 1, '1. Quantum Physics'),
(45, 1, '2. Crystallography'),
(46, 1, '3. Semiconductor Physics'),
(47, 1, '4. Interface in Thin Film'),
(48, 1, '5. Superconductors and Supercapacitors'),
(49, 1, '6. Engineering Materials and Applications'),
(50, 2, '1. Atomic and Molecular Structure'),
(51, 2, '2. Aromatic systems &their molecular structure'),
(52, 2, '3. Intermolecular Forces & Critical Phenomena'),
(53, 2, '4. Phase Rule-Gibb’s Phase Rule'),
(54, 2, '5. Polymers'),
(55, 2, '6. Water'),
(56, 3, '1. System of Coplanar Forces'),
(57, 3, '2. Equilibrium of System of Coplanar Forces'),
(58, 3, '3. Friction'),
(59, 3, '4. Kinematics of Particle'),
(60, 3, '5. Kinematics of Rigid Body'),
(61, 3, '6. Kinetics of a Particle'),
(62, 4, '1. DC Circuits'),
(63, 4, '2. AC Circuits'),
(64, 4, '3. Generation of Three-Phase Voltages'),
(65, 4, '4. Transformers'),
(66, 4, '5. Electrical Machines'),
(67, 4, '6. Principle of operation of Single-Phase induction motors'),
(68, 5, '1. Diffraction'),
(69, 5, '2. Laser and Fibre Optics'),
(70, 5, '3. ElectroDynamics'),
(71, 5, '4. Relativity'),
(72, 5, '5. Nanotechnology'),
(73, 5, '6. Physics of Sensors'),
(74, 6, '1. Principles of Spectroscopy'),
(75, 6, '2. Applications of Spectroscopy'),
(76, 6, '3. Concept of Electrochemistry'),
(77, 6, '4. Corrosion'),
(78, 6, '5. Green Chemistry and Synthesis of drugs'),
(79, 6, '6. Fuels and Combustion'),
(80, 8, '1. Introduction to Engineering Graphics'),
(81, 8, '2. Projection of Points and Lines'),
(82, 8, '3. Projection of Solids'),
(83, 8, '4. Section of Solids'),
(84, 8, '5. Sectional Orthographic Projection'),
(85, 8, '6. Missing Views'),
(86, 8, '7. Isometric Views'),
(87, 7, '1. Fundamentals of C Programming'),
(88, 7, '2. Branching and looping structures'),
(89, 7, '3. Functions'),
(90, 7, '4. Arrays and Strings'),
(91, 7, '5. Structure and Union'),
(92, 7, '6. Pointers');

CREATE TABLE `questions` (
  `id` int PRIMARY KEY AUTO_INCREMENT,
  `chapter_id` int,
  `question` varchar(255),
  `marks` int,
  `difficulty_level` ENUM ('EASY', 'NORMAL', 'DIFFICULT'),
  `user_id` int NOT NULL,
  `asked_count` int DEFAULT 0,
  `created_at` datetime DEFAULT null,
  `updated_at` datetime DEFAULT null,
  `deleted_at` datetime DEFAULT null
);

INSERT INTO `questions` (`id`, `chapter_id`, `question`, `marks`, `difficulty_level`, `user_id`, `created_at`, `updated_at`) VALUES
(1, 38, 'Commodi consequatur consequatur beatae.?', 6, 'DIFFICULT', 1, '2020-07-04 08:51:57', '2020-07-04 08:51:57'),
(2, 42, 'Dicta laborum impedit saepe soluta est et.?', 6, 'DIFFICULT', 1, '2020-07-04 08:51:57', '2020-07-04 08:51:57'),
(3, 42, 'Voluptates officia eveniet aut debitis nostrum.?', 6, 'EASY', 1, '2020-07-04 08:51:57', '2020-07-04 08:51:57'),
(4, 39, 'Qui sed reiciendis beatae mollitia doloremque.?', 6, 'EASY', 1, '2020-07-04 08:51:57', '2020-07-04 08:51:57'),
(5, 42, 'Eum earum itaque est vel qui et ipsam aut rem quis et omnis.?', 2, 'NORMAL', 1, '2020-07-04 08:51:57', '2020-07-04 08:51:57'),
(6, 43, 'Quidem magnam recusandae culpa aliquid dignissimos ipsam autem doloremque voluptatem.?', 4, 'NORMAL', 1, '2020-07-04 08:51:57', '2020-07-04 08:51:57'),
(7, 38, 'Quo consectetur libero sunt a.?', 6, 'EASY', 1, '2020-07-04 08:51:57', '2020-07-04 08:51:57'),
(8, 39, 'Velit aut in voluptates.?', 8, 'NORMAL', 1, '2020-07-04 08:51:58', '2020-07-04 08:51:58'),
(9, 39, 'Est vitae omnis rerum nihil corporis consequuntur officiis asperiores.?', 4, 'DIFFICULT', 1, '2020-07-04 08:51:58', '2020-07-04 08:51:58'),
(10, 39, 'Odit eos dolor consequatur quis qui.?', 4, 'EASY', 1, '2020-07-04 08:51:58', '2020-07-04 08:51:58'),
(11, 43, 'Sed nihil dolores est odio temporibus quo similique voluptas amet sit repudiandae eveniet non ipsa.?', 8, 'DIFFICULT', 1, '2020-07-04 08:51:58', '2020-07-04 08:51:58'),
(12, 39, 'Dolorum numquam dolor velit.?', 8, 'DIFFICULT', 1, '2020-07-04 08:51:58', '2020-07-04 08:51:58'),
(13, 43, 'Fugiat aut fugiat et voluptates eius aperiam rerum dolor rem expedita veniam.?', 4, 'NORMAL', 1, '2020-07-04 08:51:58', '2020-07-04 08:51:58'),
(14, 39, 'Unde modi et rem molestiae aliquam aut dolor impedit maiores consequatur consequatur quas magnam.?', 2, 'EASY', 1, '2020-07-04 08:51:58', '2020-07-04 08:51:58'),
(15, 42, 'Quia vitae qui excepturi blanditiis tenetur sed labore vitae nihil eos et.?', 8, 'NORMAL', 1, '2020-07-04 08:51:58', '2020-07-04 08:51:58'),
(16, 42, 'Dolores tempore cum natus nihil pariatur repudiandae ut quis eveniet.?', 4, 'EASY', 1, '2020-07-04 08:51:58', '2020-07-04 08:51:58'),
(17, 39, 'Autem explicabo temporibus ut.?', 6, 'NORMAL', 1, '2020-07-04 08:51:58', '2020-07-04 08:51:58'),
(18, 42, 'Officiis et nulla molestiae sunt quas quis ut nostrum occaecati ea maiores.?', 2, 'EASY', 1, '2020-07-04 08:51:58', '2020-07-04 08:51:58'),
(19, 43, 'Voluptatum sint consequatur possimus quo nobis vitae consequatur est nulla qui.?', 8, 'DIFFICULT', 1, '2020-07-04 08:51:58', '2020-07-04 08:51:58'),
(20, 38, 'Vero atque reprehenderit cum distinctio hic quis ducimus omnis doloribus nesciunt.?', 4, 'DIFFICULT', 1, '2020-07-04 08:51:58', '2020-07-04 08:51:58'),
(21, 40, 'Facere sint numquam possimus non aut.?', 6, 'NORMAL', 1, '2020-07-04 08:51:58', '2020-07-04 08:51:58'),
(22, 40, 'Magni voluptatem magni ea cupiditate et soluta ut voluptate.?', 4, 'NORMAL', 1, '2020-07-04 08:51:58', '2020-07-04 08:51:58'),
(23, 43, 'Quod mollitia non earum veniam alias minus dolorem.?', 6, 'EASY', 1, '2020-07-04 08:51:58', '2020-07-04 08:51:58'),
(24, 41, 'Ipsam ea maiores vel a et.?', 6, 'NORMAL', 1, '2020-07-04 08:51:59', '2020-07-04 08:51:59'),
(25, 40, 'Aliquid et vero repellendus.?', 2, 'DIFFICULT', 1, '2020-07-04 08:51:59', '2020-07-04 08:51:59'),
(26, 40, 'Quaerat maiores doloremque recusandae totam ab et rerum aperiam ut officia.?', 2, 'EASY', 1, '2020-07-04 08:51:59', '2020-07-04 08:51:59'),
(27, 39, 'Delectus et magni a sed.?', 4, 'DIFFICULT', 1, '2020-07-04 08:51:59', '2020-07-04 08:51:59'),
(28, 41, 'Voluptate deleniti quis assumenda dolore amet dolor iusto.?', 8, 'EASY', 1, '2020-07-04 08:51:59', '2020-07-04 08:51:59'),
(29, 39, 'Magni reiciendis nam quasi similique.?', 4, 'EASY', 1, '2020-07-04 08:51:59', '2020-07-04 08:51:59'),
(30, 42, 'Cumque voluptatem occaecati et porro laborum soluta doloremque aliquam non corporis.?', 8, 'DIFFICULT', 1, '2020-07-04 08:51:59', '2020-07-04 08:51:59'),
(31, 43, 'Rerum veritatis doloribus natus vel officia eveniet libero sint dolore.?', 6, 'DIFFICULT', 1, '2020-07-04 08:51:59', '2020-07-04 08:51:59'),
(32, 39, 'Vero atque quae vero consequatur voluptates et rerum sit.?', 2, 'EASY', 1, '2020-07-04 08:51:59', '2020-07-04 08:51:59'),
(33, 40, 'Perspiciatis quia dolorem distinctio fugiat.?', 6, 'EASY', 1, '2020-07-04 08:51:59', '2020-07-04 08:51:59'),
(34, 42, 'Fugit dicta velit voluptatem dolor aliquid et facere magnam sed.?', 4, 'DIFFICULT', 1, '2020-07-04 08:51:59', '2020-07-04 08:51:59'),
(35, 43, 'Est exercitationem ut quis mollitia eos laudantium beatae quia nobis aut veritatis quae.?', 8, 'NORMAL', 1, '2020-07-04 08:51:59', '2020-07-04 08:51:59'),
(36, 39, 'Qui maxime nam a deleniti quaerat.?', 6, 'NORMAL', 1, '2020-07-04 08:51:59', '2020-07-04 08:51:59'),
(37, 38, 'Qui omnis ipsa deleniti fugit.?', 6, 'EASY', 1, '2020-07-04 08:51:59', '2020-07-04 08:51:59'),
(38, 40, 'Sunt aperiam est pariatur soluta numquam fugit harum dolorum consequatur ut et.?', 4, 'DIFFICULT', 1, '2020-07-04 08:51:59', '2020-07-04 08:51:59'),
(39, 38, 'Alias enim nihil suscipit totam facere doloremque voluptatem.?', 2, 'NORMAL', 1, '2020-07-04 08:51:59', '2020-07-04 08:51:59'),
(40, 42, 'Recusandae inventore unde aliquid unde et qui nostrum quos molestias suscipit et.?', 4, 'EASY', 1, '2020-07-04 08:51:59', '2020-07-04 08:51:59'),
(41, 43, 'Harum et dolores minus non est accusantium minima voluptatem placeat qui nam est.?', 8, 'EASY', 1, '2020-07-04 08:51:59', '2020-07-04 08:51:59'),
(42, 39, 'Dolor aut tempora provident sed repellat accusamus rerum quis necessitatibus debitis.?', 6, 'DIFFICULT', 1, '2020-07-04 08:51:59', '2020-07-04 08:51:59'),
(43, 39, 'Eos officiis repellat explicabo officiis ex laudantium officia dolorum.?', 4, 'EASY', 1, '2020-07-04 08:51:59', '2020-07-04 08:51:59'),
(44, 41, 'Maiores laudantium pariatur et ab et dolores recusandae ullam incidunt nobis veritatis ducimus.?', 2, 'DIFFICULT', 1, '2020-07-04 08:51:59', '2020-07-04 08:51:59'),
(45, 40, 'Odit repellat eos repellat ea ducimus similique aliquam est libero corrupti reiciendis consequuntur.?', 2, 'DIFFICULT', 1, '2020-07-04 08:51:59', '2020-07-04 08:51:59'),
(46, 40, 'Reiciendis et ipsam ipsum.?', 4, 'EASY', 1, '2020-07-04 08:52:00', '2020-07-04 08:52:00'),
(47, 42, 'Eos voluptate est deleniti quibusdam.?', 4, 'DIFFICULT', 1, '2020-07-04 08:52:00', '2020-07-04 08:52:00'),
(48, 41, 'Id ea doloremque.?', 8, 'NORMAL', 1, '2020-07-04 08:52:00', '2020-07-04 08:52:00'),
(49, 38, 'Natus error vitae adipisci.?', 8, 'EASY', 1, '2020-07-04 08:52:00', '2020-07-04 08:52:00'),
(50, 39, 'Sequi consequatur nemo dolorum minus et ut molestiae at rerum nesciunt possimus ipsa.?', 6, 'EASY', 1, '2020-07-04 08:52:00', '2020-07-04 08:52:00'),
(51, 43, 'Hic a sequi odit aut voluptas et corrupti.?', 6, 'DIFFICULT', 1, '2020-07-04 08:52:00', '2020-07-04 08:52:00'),
(52, 38, 'Est sed sunt a voluptate et numquam illum.?', 8, 'EASY', 1, '2020-07-04 08:52:00', '2020-07-04 08:52:00'),
(53, 40, 'Totam inventore a cumque possimus eum harum voluptate.?', 6, 'EASY', 1, '2020-07-04 08:52:00', '2020-07-04 08:52:00'),
(54, 42, 'Inventore in pariatur beatae.?', 2, 'NORMAL', 1, '2020-07-04 08:52:00', '2020-07-04 08:52:00'),
(55, 40, 'Odio iure culpa et est voluptate.?', 6, 'NORMAL', 1, '2020-07-04 08:52:00', '2020-07-04 08:52:00'),
(56, 38, 'Omnis nostrum porro beatae rerum modi cumque harum illo incidunt et suscipit sapiente.?', 8, 'NORMAL', 1, '2020-07-04 08:52:00', '2020-07-04 08:52:00'),
(57, 42, 'Explicabo quibusdam eligendi sit minima esse et laboriosam voluptate neque deserunt.?', 8, 'NORMAL', 1, '2020-07-04 08:52:00', '2020-07-04 08:52:00'),
(58, 39, 'Velit id soluta nihil dolorum corporis voluptate.?', 6, 'EASY', 1, '2020-07-04 08:52:00', '2020-07-04 08:52:00'),
(59, 39, 'Tempora voluptate recusandae deserunt et.?', 4, 'NORMAL', 1, '2020-07-04 08:52:00', '2020-07-04 08:52:00'),
(60, 38, 'Ipsam voluptatem consequatur.?', 8, 'EASY', 1, '2020-07-04 08:52:00', '2020-07-04 08:52:00'),
(61, 38, 'Itaque veritatis nihil est quia exercitationem quas quos.?', 2, 'NORMAL', 1, '2020-07-04 08:52:00', '2020-07-04 08:52:00'),
(62, 41, 'Sed et omnis explicabo.?', 8, 'DIFFICULT', 1, '2020-07-04 08:52:00', '2020-07-04 08:52:00'),
(63, 40, 'Voluptatum velit saepe ut enim soluta accusamus.?', 6, 'NORMAL', 1, '2020-07-04 08:52:00', '2020-07-04 08:52:00'),
(64, 40, 'Vel commodi cumque nemo vero doloribus est.?', 8, 'EASY', 1, '2020-07-04 08:52:00', '2020-07-04 08:52:00'),
(65, 42, 'Unde suscipit accusamus rerum ut et explicabo ipsam mollitia autem nostrum.?', 8, 'DIFFICULT', 1, '2020-07-04 08:52:01', '2020-07-04 08:52:01'),
(66, 38, 'Rem consequatur nulla.?', 4, 'DIFFICULT', 1, '2020-07-04 08:52:01', '2020-07-04 08:52:01'),
(67, 39, 'Laudantium adipisci debitis quia saepe officiis ut enim ullam similique.?', 6, 'EASY', 1, '2020-07-04 08:52:01', '2020-07-04 08:52:01'),
(68, 41, 'Molestias quam ducimus reprehenderit.?', 8, 'DIFFICULT', 1, '2020-07-04 08:52:01', '2020-07-04 08:52:01'),
(69, 38, 'Et numquam omnis facere asperiores molestiae accusamus.?', 4, 'EASY', 1, '2020-07-04 08:52:01', '2020-07-04 08:52:01'),
(70, 41, 'Voluptas qui vero amet deserunt.?', 2, 'EASY', 1, '2020-07-04 08:52:01', '2020-07-04 08:52:01'),
(71, 40, 'Exercitationem nemo et placeat quos enim illo nesciunt nemo cum voluptatem in eos voluptas eius laudantium.?', 8, 'NORMAL', 1, '2020-07-04 08:52:01', '2020-07-04 08:52:01'),
(72, 43, 'Similique dolore voluptates voluptatem aperiam ipsa nihil.?', 2, 'EASY', 1, '2020-07-04 08:52:01', '2020-07-04 08:52:01'),
(73, 41, 'Nisi quidem autem id occaecati et rerum.?', 6, 'NORMAL', 1, '2020-07-04 08:52:01', '2020-07-04 08:52:01'),
(74, 43, 'Aut inventore dolorum nostrum dolore tempora voluptate et.?', 4, 'DIFFICULT', 1, '2020-07-04 08:52:01', '2020-07-04 08:52:01'),
(75, 38, 'Voluptas rerum iste aut beatae ut at vel fugiat velit et sit.?', 8, 'NORMAL', 1, '2020-07-04 08:52:01', '2020-07-04 08:52:01'),
(76, 39, 'Eius ut ut iste animi non magnam nulla pariatur.?', 2, 'EASY', 1, '2020-07-04 08:52:01', '2020-07-04 08:52:01'),
(77, 42, 'Eveniet porro similique doloremque eveniet doloribus.?', 6, 'NORMAL', 1, '2020-07-04 08:52:01', '2020-07-04 08:52:01'),
(78, 40, 'Eum voluptatum iusto fugiat a.?', 6, 'NORMAL', 1, '2020-07-04 08:52:01', '2020-07-04 08:52:01'),
(79, 40, 'Corporis voluptatem blanditiis odit voluptatem placeat odio.?', 6, 'EASY', 1, '2020-07-04 08:52:01', '2020-07-04 08:52:01'),
(80, 42, 'Saepe eveniet inventore dolorum est voluptatem nostrum tenetur dolores tenetur ea.?', 6, 'EASY', 1, '2020-07-04 08:52:01', '2020-07-04 08:52:01'),
(81, 39, 'Neque corporis aperiam deleniti ipsam tempora consequatur et occaecati alias ea eum.?', 4, 'NORMAL', 1, '2020-07-04 08:52:01', '2020-07-04 08:52:01'),
(82, 42, 'Qui aspernatur fugiat id nostrum recusandae.?', 2, 'NORMAL', 1, '2020-07-04 08:52:01', '2020-07-04 08:52:01'),
(83, 39, 'Porro assumenda laudantium nesciunt totam.?', 8, 'DIFFICULT', 1, '2020-07-04 08:52:01', '2020-07-04 08:52:01'),
(84, 41, 'Deserunt possimus at iure.?', 2, 'DIFFICULT', 1, '2020-07-04 08:52:01', '2020-07-04 08:52:01'),
(85, 43, 'Recusandae id est quo ratione est exercitationem itaque.?', 6, 'EASY', 1, '2020-07-04 08:52:01', '2020-07-04 08:52:01'),
(86, 42, 'Aut ut beatae quam saepe quia eligendi quia quisquam a amet et quisquam.?', 4, 'DIFFICULT', 1, '2020-07-04 08:52:01', '2020-07-04 08:52:01'),
(87, 39, 'Cumque quia sit aperiam consequatur quo recusandae sed et et autem nostrum.?', 4, 'DIFFICULT', 1, '2020-07-04 08:52:01', '2020-07-04 08:52:01'),
(88, 40, 'Nam modi repudiandae et repellat.?', 2, 'DIFFICULT', 1, '2020-07-04 08:52:01', '2020-07-04 08:52:01'),
(89, 38, 'Voluptatibus est ab eum ut et et incidunt blanditiis eaque voluptas quis perspiciatis dolor.?', 4, 'NORMAL', 1, '2020-07-04 08:52:01', '2020-07-04 08:52:01'),
(90, 38, 'Quisquam vero et eveniet commodi nam dolores temporibus tempore illo.?', 4, 'NORMAL', 1, '2020-07-04 08:52:02', '2020-07-04 08:52:02'),
(91, 42, 'Amet harum fugiat sunt debitis quibusdam.?', 2, 'DIFFICULT', 1, '2020-07-04 08:52:02', '2020-07-04 08:52:02'),
(92, 38, 'Eveniet ipsa nemo sequi vel.?', 2, 'DIFFICULT', 1, '2020-07-04 08:52:02', '2020-07-04 08:52:02'),
(93, 43, 'Dolorem voluptas voluptate aut libero reiciendis.?', 6, 'EASY', 1, '2020-07-04 08:52:02', '2020-07-04 08:52:02'),
(94, 43, 'Ipsam omnis iure vero maxime neque ut.?', 8, 'EASY', 1, '2020-07-04 08:52:02', '2020-07-04 08:52:02'),
(95, 42, 'Et exercitationem et et velit nulla quas sit molestiae.?', 6, 'DIFFICULT', 1, '2020-07-04 08:52:02', '2020-07-04 08:52:02'),
(96, 38, 'Ut reprehenderit assumenda et.?', 2, 'NORMAL', 1, '2020-07-04 08:52:02', '2020-07-04 08:52:02'),
(97, 43, 'Est quos amet soluta rerum.?', 4, 'DIFFICULT', 1, '2020-07-04 08:52:02', '2020-07-04 08:52:02'),
(98, 42, 'Et numquam ducimus harum id qui velit itaque est ab aliquid eius tenetur blanditiis incidunt est quidem.?', 2, 'EASY', 1, '2020-07-04 08:52:02', '2020-07-04 08:52:02'),
(99, 41, 'Est a exercitationem eveniet qui et.?', 6, 'EASY', 1, '2020-07-04 08:52:02', '2020-07-04 08:52:02'),
(100, 43, 'Suscipit culpa ipsam odit iusto et qui est mollitia perferendis aperiam inventore error fuga enim.?', 6, 'EASY', 1, '2020-07-04 08:52:02', '2020-07-04 08:52:02');

ALTER TABLE `course_subject` ADD FOREIGN KEY (`course_id`) REFERENCES `courses` (`id`);

ALTER TABLE `course_subject` ADD FOREIGN KEY (`subject_id`) REFERENCES `subjects` (`id`);

ALTER TABLE `chapters` ADD FOREIGN KEY (`subject_id`) REFERENCES `subjects` (`id`);

ALTER TABLE `questions` ADD FOREIGN KEY (`chapter_id`) REFERENCES `chapters` (`id`);

ALTER TABLE `questions` ADD FOREIGN KEY (`user_id`) REFERENCES `teachers` (`id`);

ALTER TABLE `subjects` ADD FOREIGN KEY (`user_id`) REFERENCES `teachers` (`id`);
